{"train_loss": [0.044154549841543995, 0.04403841680162754, 0.04401435979089181, 0.044000201804339514, 0.043755351315348266, 0.043686650499535316, 0.043577620974260635, 0.04313274542195203, 0.04316869522115998, 0.043225496896580694, 0.04301148608714674, 0.04243211106592247, 0.04218560590176777, 0.042737546094140454, 0.04365390782905777, 0.04273756736568654, 0.04265832354440417, 0.04279156407754513, 0.043696638081301246, 0.042802787107753634, 0.04204713866170011, 0.04098063855070755, 0.04225379206434059, 0.042032319004503174, 0.04120088919831031, 0.041299814332964396, 0.04042531411443944, 0.04018878619171577, 0.040252422902368405, 0.03914375224668888, 0.03882428837531561, 0.03847852829368289, 0.03870320519550139, 0.03928672395821989, 0.0368856415429523, 0.03657649237722565, 0.036027529942797315, 0.03567467162747956, 0.03523973660841307, 0.034956712741981796, 0.035441533044959235, 0.03424272775797743, 0.03327471811827526, 0.03414369478840219, 0.033781333889955335, 0.0369885903604264, 0.03791102113333777, 0.035592187477605786, 0.03566523463161757, 0.03507147801409867, 0.03462807636574151, 0.03655014151091026, 0.033626608172018436, 0.03389259308687373, 0.03257697133769776, 0.03370252873891644, 0.030341115878269428, 0.03178750770685841, 0.03067865991754898, 0.03341520700460621, 0.03099462380713542, 0.027527680368967068, 0.028477940842269227, 0.031033932128655718, 0.03087885256815134, 0.02945717401073177, 0.03142225469059808, 0.028901638317728573, 0.02830343410058831, 0.02901959241987604, 0.03185777488029579, 0.029974521665177233, 0.029166994466362093, 0.028318558169858902, 0.028188914891512422, 0.02897422946297103, 0.028948650908883766, 0.027700487990509327, 0.02537631425346436, 0.02626492827207478, 0.02533316870752025, 0.026481678679382344, 0.026268763557685794, 0.023636904864801647, 0.024765930049666093, 0.026979011304611906, 0.027050034965872025, 0.025688769593557904, 0.024455092819649932, 0.023428541743179238, 0.026018328826223607, 0.025186511386725983, 0.02310027111935645, 0.02700130122597185, 0.025987468983013243, 0.026688535574274287, 0.02636662084041475, 0.024524166127562967, 0.023121797868605735, 0.022115354727413574], "accs_train": [0.5315985130111525, 0.5390334572490706, 0.5712515489467163, 0.6232961586121437, 0.573729863692689, 0.5662949194547707, 0.6294919454770755, 0.6294919454770755, 0.5340768277571252, 0.6579925650557621, 0.5861214374225526, 0.6369268897149938, 0.6555142503097894, 0.516728624535316, 0.5985130111524164, 0.5241635687732342, 0.6245353159851301, 0.5105328376703842, 0.5477075588599752, 0.6852540272614622, 0.6889714993804213, 0.6827757125154895, 0.7087980173482032, 0.6902106567534076, 0.6084262701363073, 0.7026022304832714, 0.6629491945477075, 0.6604708798017348, 0.7125154894671624, 0.7397769516728624, 0.701363073110285, 0.758364312267658, 0.6765799256505576, 0.7100371747211895, 0.7707558859975217, 0.7881040892193308, 0.8066914498141264, 0.79182156133829, 0.7806691449814126, 0.7955390334572491, 0.7273853779429987, 0.7757125154894672, 0.7472118959107806, 0.7360594795539034, 0.6926889714993805, 0.6456009913258984, 0.7930607187112763, 0.7149938042131351, 0.7682775712515489, 0.734820322180917, 0.6914498141263941, 0.8054522924411399, 0.7980173482032218, 0.748451053283767, 0.748451053283767, 0.731102850061958, 0.8190830235439901, 0.8574969021065675, 0.8351920693928129, 0.7410161090458488, 0.8066914498141264, 0.862453531598513, 0.8364312267657993, 0.7719950433705082, 0.8475836431226765, 0.7496902106567535, 0.8376703841387856, 0.8872366790582404, 0.7930607187112763, 0.8066914498141264, 0.8686493184634448, 0.9008674101610905, 0.8822800495662949, 0.8996282527881041, 0.8698884758364313, 0.9058240396530359, 0.9268897149938042, 0.9553903345724907, 0.9368029739776952, 0.9504337050805453, 0.9603469640644362, 0.9318463444857497, 0.9467162329615861, 0.9653035935563816, 0.9566294919454771, 0.9479553903345725, 0.9504337050805453, 0.9479553903345725, 0.9653035935563816, 0.9702602230483272, 0.976456009913259, 0.9677819083023544, 0.9417596034696407, 0.9702602230483272, 0.9318463444857497, 0.966542750929368, 0.966542750929368, 0.9380421313506815, 0.9566294919454771, 0.976456009913259], "aucs_train": [0.5824751136782598, 0.5761890131498095, 0.6334244807668674, 0.6757220105690058, 0.6375138257343002, 0.6775470074966204, 0.7171008971365368, 0.7070050387120561, 0.6921715620007374, 0.7207816148457662, 0.7170824628241366, 0.7014317315964114, 0.6969644832247757, 0.6543658596534349, 0.7073061324812585, 0.7380545655647044, 0.7332985129654663, 0.7062092908934496, 0.7306624062922453, 0.7441071648027529, 0.7518065626152144, 0.7548912375568391, 0.7692146982917537, 0.7873356273810987, 0.7892896644955143, 0.8000553029372004, 0.7819097947646553, 0.7968170087255746, 0.7713162099053704, 0.8237741182253903, 0.8187661300233501, 0.8257711687354061, 0.8324505345950597, 0.8243640162221949, 0.8545962885584368, 0.8630760722625047, 0.8784318544918274, 0.8856212363278849, 0.8697738724345582, 0.8893572569743149, 0.8679304411945433, 0.8716480275285733, 0.823251812707386, 0.8748064397197984, 0.8766252918766131, 0.8870959813198966, 0.9213653680717708, 0.9216050141329728, 0.9228524026053829, 0.9260353938798083, 0.8922821678751383, 0.9095366842816763, 0.9417782966695342, 0.9135615091557084, 0.9345090328130761, 0.9179181516529433, 0.9363155954282906, 0.9451579206095613, 0.9714821187169719, 0.9255438122158044, 0.9381774609807054, 0.9734115767481873, 0.9555610175740444, 0.8958891483347671, 0.9795502027774364, 0.9014870345336119, 0.9517205358240137, 0.9779771414526237, 0.9325611404694605, 0.9477817377411822, 0.9578898857072631, 0.9752304289050019, 0.9841342017942731, 0.9741550940149932, 0.9543504977264349, 0.9815103846626521, 0.9905677768219245, 0.9945618778419565, 0.9897751013887182, 0.9915140715251322, 0.996374585227971, 0.9887059112695097, 0.9922821678751382, 0.9962025316455697, 0.994254639301954, 0.9925832616443407, 0.9956372127319651, 0.9932346073491459, 0.9960304780631682, 0.9968047191839744, 0.9980582524271845, 0.9963561509155708, 0.9940211380115522, 0.995760108147966, 0.99498586702716, 0.9954037114415633, 0.9952992503379624, 0.9969091802875752, 0.9988632174019908, 0.9990967186923928],