{"train_loss": [0.04421415404316218, 0.04405591951722401, 0.04367652539131514, 0.044044758898322614, 0.04384113857441823, 0.04336640892418787, 0.04358680703235234, 0.04348505931863702, 0.043829611169065835, 0.04359702313551968, 0.043175806564912475, 0.043354384665743276, 0.042831094808590306, 0.04320136728192203, 0.04255208709130648, 0.04257937095126846, 0.0430799891809844, 0.042945269019778035, 0.04353502721443791, 0.043527351879275866, 0.04240137412497841, 0.042113275148316094, 0.04150473798222406, 0.04156689063323918, 0.04183634262545845, 0.04090674444940749, 0.04090555534782315, 0.040163581182226966, 0.04015476143049928, 0.03895818186367607, 0.03908137203444631, 0.039019378920026875, 0.03985990888567219, 0.03833901760303398, 0.03985486649521517, 0.03966607088788587, 0.03801075632244238, 0.03721382191042327, 0.037088458865991755, 0.03668120905960064, 0.03637592898868717, 0.036976264422710944, 0.038348054095567234, 0.0374767689456727, 0.03801531242172071, 0.03631379735070977, 0.03464425836206221, 0.0353241933248891, 0.03392691971200992, 0.03331514723977487, 0.03409842402666179, 0.03318162437856124, 0.03167606917898894, 0.03393001254310986, 0.034756381937119156, 0.03345604785608389, 0.034482624672602546, 0.03113364800349192, 0.03242060652895931, 0.032885760512050645, 0.030734463104380404, 0.030074682248273893, 0.030006027779319176, 0.0324853825229399, 0.030109022999046164, 0.03168747752277086, 0.027642640187099225, 0.028049953254182098, 0.029445738819008867, 0.027131493280663662, 0.03067601611549231, 0.0273921923086398, 0.027968161334335582, 0.02980590271019138, 0.025516864683252875, 0.026652932314772292, 0.029092739191935703, 0.025019384126607074, 0.024533413710647357, 0.027270792289885153, 0.024735607631513768, 0.02573367280255463, 0.026249435126707604, 0.02578544243708567, 0.02529975744206666, 0.025303331449572482, 0.026250803365361734, 0.025766271954723155, 0.02508897853200468, 0.025315007441844492, 0.025252978099323118, 0.025094109747785028, 0.026707390113243235, 0.024872227524588394, 0.025243604336455557, 0.02635111505583464, 0.02368866636555139, 0.026054695857944985, 0.02452667983528111, 0.02440173389872506], "accs_train": [0.516728624535316, 0.4857496902106567, 0.49070631970260226, 0.4882280049566295, 0.6084262701363073, 0.5786864931846345, 0.6022304832713755, 0.5588599752168525, 0.5315985130111525, 0.5613382899628253, 0.6009913258983891, 0.6158612143742255, 0.5006195786864932, 0.6257744733581165, 0.6158612143742255, 0.6071871127633209, 0.5452292441140025, 0.5291201982651796, 0.5216852540272615, 0.5724907063197026, 0.6666666666666666, 0.5947955390334573, 0.6741016109045849, 0.6939281288723668, 0.6158612143742255, 0.6926889714993805, 0.6765799256505576, 0.6604708798017348, 0.6790582403965304, 0.6468401486988847, 0.7100371747211895, 0.7286245353159851, 0.677819083023544, 0.6431226765799256, 0.6951672862453532, 0.7273853779429987, 0.701363073110285, 0.7038413878562577, 0.7608426270136307, 0.7261462205700124, 0.7980173482032218, 0.7620817843866171, 0.7806691449814126, 0.7534076827757125, 0.8004956629491945, 0.815365551425031, 0.781908302354399, 0.7967781908302355, 0.7831474597273854, 0.781908302354399, 0.7385377942998761, 0.8277571251548946, 0.7992565055762082, 0.7732342007434944, 0.8252788104089219, 0.7868649318463445, 0.8029739776951672, 0.8066914498141264, 0.8599752168525403, 0.7980173482032218, 0.8351920693928129, 0.7992565055762082, 0.7137546468401487, 0.7992565055762082, 0.7100371747211895, 0.8451053283767038, 0.8141263940520446, 0.8265179677819082, 0.828996282527881, 0.8339529120198265, 0.8228004956629492, 0.8128872366790583, 0.862453531598513, 0.8413878562577447, 0.8934324659231723, 0.942998760842627, 0.9467162329615861, 0.8909541511771994, 0.942998760842627, 0.9008674101610905, 0.909541511771995, 0.9268897149938042, 0.909541511771995, 0.9491945477075588, 0.8909541511771994, 0.7856257744733581, 0.9058240396530359, 0.9566294919454771, 0.9479553903345725, 0.9467162329615861, 0.8983890954151177, 0.8822800495662949, 0.9615861214374225, 0.9702602230483272, 0.9640644361833953, 0.9603469640644362, 0.976456009913259, 0.9826517967781908, 0.9727385377942999, 0.9876084262701363], "aucs_train": [0.50414817910301, 0.5640909035041359, 0.5754968596747828, 0.5605449785523777, 0.6684560170106071, 0.6769766841607159, 0.6515836825997714, 0.6166529418271653, 0.6697557797962168, 0.6811555905163407, 0.6666523272821131, 0.6852791878172588, 0.6409520531950197, 0.6868585686016642, 0.7133700421577907, 0.740434606260985, 0.6909883113531055, 0.7263983972665036, 0.6195781762761028, 0.671667014908863, 0.7271635058566144, 0.747907474096926, 0.7585022307985398, 0.770965204459139, 0.7675360430673173, 0.7692813510158429, 0.7455230392940106, 0.7662209166553999, 0.7661563894249087, 0.7743452022467767, 0.8163493565713302, 0.8151509937193496, 0.8308587652560809, 0.8318666191418492, 0.7873520482786592, 0.8366723614508179, 0.8421971214709749, 0.8201165177419156, 0.8632514349626971, 0.8839185850714715, 0.8875628372315975, 0.8679527046127752, 0.8939541057754944, 0.8788731701921068, 0.9053170437924803, 0.9056919162743821, 0.8803296419660525, 0.8999029018817369, 0.9275205565319994, 0.9114993670185961, 0.8825297132532786, 0.9252713216405895, 0.9053170437924803, 0.8702756849104608, 0.9410098204299358, 0.8997615565197085, 0.9053108983419575, 0.9182839443959637, 0.9602880987205171, 0.950350905224862, 0.9620272612185199, 0.9669436216369022, 0.9368616413269257, 0.9504799596858446, 0.9496564693157654, 0.9622423519868242, 0.9733840537849829, 0.9746438711421934, 0.9786015412789912, 0.9662123130246678, 0.9786568503336979, 0.9507442140583326, 0.9788227774978183, 0.9771880876587064, 0.9878135716129349, 0.9928712773933458, 0.9937254950160396, 0.9860313909612715, 0.9941495311021251, 0.9865721906072935, 0.9957227664360075, 0.9920047688696059, 0.9885510256756923, 0.9978245105148659, 0.9874509900320793, 0.973408635587075, 0.9810044124334755, 0.998893818905864, 0.9941188038495102, 0.9982977102051351, 0.9914946964761986, 0.9891225525743292, 0.9990536006194614, 0.9988815280048181, 0.9972529836162289, 0.998064183085262, 0.9984452010176866, 0.9985619645776231, 0.9978675286685267, 0.9995083639581618],