{"train_loss": [0.04410583975881633, 0.04385755078332259, 0.044000372733220015, 0.0439824316613745, 0.04332290545548543, 0.04397113355669645, 0.04379448368407712, 0.04343286643523981, 0.043299329457896774, 0.04372662150918847, 0.04336681585795808, 0.042798921908482467, 0.04320296748439864, 0.04323467774556415, 0.0429688816023345, 0.04264745706378823, 0.04277176660771417, 0.04244159302203962, 0.04219334270104323, 0.04159148885767058, 0.04199204328331617, 0.04194647914702349, 0.04151527694251278, 0.041516148512906366, 0.041069075207013896, 0.04102041668230944, 0.04167801857289701, 0.04071474031056508, 0.04022693722554953, 0.040233372240373405, 0.04006172521132054, 0.039697359694112644, 0.038694912032915814, 0.03809168794662646, 0.03811821367333431, 0.037515298491067224, 0.03782037383701542, 0.037679672167442814, 0.03648547142153919, 0.03596613157798748, 0.03777557032385675, 0.03763555576748187, 0.03738894044320182, 0.03683923192248486, 0.035119024391221526, 0.03514466427340366, 0.0333574795265599, 0.032514735466182824, 0.03500551741459582, 0.038289331084135736, 0.03320502936102376, 0.03327214931792552, 0.03438539308781671, 0.030708801978738, 0.030867503236721057, 0.029427298114146336, 0.031239471665703424, 0.028671023186923255, 0.028834529995623203, 0.030084635933289434, 0.02672251212493618, 0.028270169779068172, 0.027896264807717636, 0.03172125423898791, 0.02989123975581462, 0.0241393640194789, 0.028268906979425117, 0.02848065832611358, 0.023180954315063385, 0.02584379703027777, 0.027244672999892493, 0.024866342775081055, 0.026564958883394107, 0.02629743641850972, 0.02634046344768883, 0.026225559966694012, 0.026022841388562527, 0.026366499575352906, 0.02215306486676235, 0.026303861797372305, 0.024050780691870367, 0.025671410328238317, 0.0240948665057226, 0.024470021874450222, 0.028761231220594728, 0.027117897507430305, 0.028658251139787164, 0.02596578953584822, 0.02751554967374495, 0.027622592497137513, 0.02695523143404781, 0.027769831073756267, 0.02587535472051932, 0.02619380789744382, 0.029391860275870502, 0.024657101250521028, 0.024426192229632104, 0.02905571126001011, 0.021902419848017173, 0.02678460994790686], "accs_train": [0.568069306930693, 0.5, 0.4962871287128713, 0.5433168316831684, 0.4900990099009901, 0.5717821782178217, 0.5420792079207921, 0.573019801980198, 0.49133663366336633, 0.6027227722772277, 0.5779702970297029, 0.6225247524752475, 0.5643564356435643, 0.6225247524752475, 0.6584158415841584, 0.5816831683168316, 0.6658415841584159, 0.6695544554455446, 0.6547029702970297, 0.6584158415841584, 0.655940594059406, 0.6386138613861386, 0.5965346534653465, 0.5111386138613861, 0.6745049504950495, 0.573019801980198, 0.6287128712871287, 0.6856435643564357, 0.719059405940594, 0.5952970297029703, 0.6485148514851485, 0.5878712871287128, 0.6633663366336634, 0.6534653465346535, 0.5915841584158416, 0.7264851485148515, 0.6621287128712872, 0.6695544554455446, 0.6732673267326733, 0.6349009900990099, 0.6806930693069307, 0.7066831683168316, 0.6274752475247525, 0.719059405940594, 0.7165841584158416, 0.7042079207920792, 0.7821782178217822, 0.8094059405940595, 0.7933168316831684, 0.7376237623762376, 0.8180693069306931, 0.6707920792079208, 0.7611386138613861, 0.785891089108911, 0.8106435643564357, 0.849009900990099, 0.8378712871287128, 0.9133663366336634, 0.863861386138614, 0.8960396039603961, 0.8972772277227723, 0.8353960396039604, 0.7648514851485149, 0.6794554455445545, 0.8886138613861386, 0.8452970297029703, 0.9022277227722771, 0.9232673267326733, 0.9121287128712872, 0.9108910891089109, 0.9220297029702971, 0.8824257425742574, 0.9368811881188119, 0.8948019801980198, 0.9591584158415841, 0.9356435643564357, 0.9678217821782178, 0.9356435643564357, 0.9047029702970297, 0.943069306930693, 0.8985148514851485, 0.8787128712871287, 0.8774752475247525, 0.8688118811881188, 0.7957920792079207, 0.7896039603960396, 0.8923267326732673, 0.7821782178217822, 0.8032178217821783, 0.9121287128712872, 0.8948019801980198, 0.870049504950495, 0.9282178217821783, 0.8997524752475248, 0.9455445544554455, 0.9047029702970297, 0.9727722772277227, 0.9715346534653465, 0.9715346534653465, 0.974009900990099], "aucs_train": [0.6142581297698226, 0.530033407913691, 0.5676035185582493, 0.5496858430134551, 0.5755968982744353, 0.6204707757378859, 0.5918901523278266, 0.652416710086738, 0.6132037882735158, 0.6539737027615166, 0.6377417476323289, 0.6828209764918625, 0.6721917430349097, 0.7040978330830294, 0.7174119594201122, 0.6992552180709228, 0.7295797958745824, 0.72875226039783, 0.7357709872191744, 0.7425016090967603, 0.7441995892972078, 0.7603028166855671, 0.7444693045637049, 0.7371808624758635, 0.7598859840009808, 0.6908450056701504, 0.7279002053513961, 0.793159040058847, 0.8051000704937629, 0.7839580715358445, 0.8167591258773408, 0.7705152174579336, 0.8162503448064486, 0.8063076593005793, 0.7847059184111318, 0.8284549606154412, 0.8496889079596652, 0.8135777117111594, 0.8584056149814571, 0.8411193183559629, 0.8255126122536549, 0.838894167407362, 0.8688325619885371, 0.8358230913047477, 0.8258497563367763, 0.8870689919391914, 0.8976185367946792, 0.9027492567505441, 0.8920893738314892, 0.8624574738713335, 0.9181965856499219, 0.898672878290986, 0.8728415116314707, 0.913666595151255, 0.9311796977963037, 0.9574708063873478, 0.9170196463052074, 0.9806540595212554, 0.97709259202501, 0.970472308210991, 0.9741257240935421, 0.9771477610567934, 0.9236276703343856, 0.8668893860912741, 0.9802004474821466, 0.9756520673062188, 0.9683329757562753, 0.9822478315505563, 0.9722315873356422, 0.9896956508413278, 0.9872253041959114, 0.9973641462592332, 0.9896098323474424, 0.9927299475894198, 0.9952615931590401, 0.9979158365770681, 0.9984184877555399, 0.988561620743556, 0.9909277592178257, 0.9925889600637509, 0.9898979372912005, 0.9794771201765409, 0.977582983418641, 0.9903454194378889, 0.9643424157906029, 0.9633616330033408, 0.9869555889294144, 0.9674870506022619, 0.9812241395163515, 0.9891623502007539, 0.9893033377264229, 0.9724522634627761, 0.9945689153155363, 0.9921414779170625, 0.99036380911515, 0.9822723511202379, 0.997615471848469, 0.9969473135746468, 0.996193336806939, 0.996745027124774],