{"train_loss": [0.044476799805368186, 0.04373205210344203, 0.04420383896821789, 0.043978583857029345, 0.04406918520673352, 0.0438949973905249, 0.04367259259265299, 0.04406896429286423, 0.043897368207740074, 0.0437602956942023, 0.04387511115387322, 0.04378898724304256, 0.04365236135811315, 0.04358008418975414, 0.04340429797934777, 0.04381075423889444, 0.043225238831365274, 0.04329609065841713, 0.043683328519227925, 0.042537435944638734, 0.043063487409806755, 0.04286650306968736, 0.042437683730911294, 0.0419550638512017, 0.04126504126386867, 0.04335106844647962, 0.04086970869345588, 0.04051803560209688, 0.04066426584859467, 0.04085885193268163, 0.040882312084514705, 0.03970167502446984, 0.04006599460392636, 0.039547718775168966, 0.04055659072254375, 0.03917757178918727, 0.03789519964540758, 0.036838862680295736, 0.038069828366110614, 0.03878447295269263, 0.037098758430433684, 0.03720959286116608, 0.0376956214322772, 0.03716596551101004, 0.036402175048322334, 0.038259171051015936, 0.03513307339492193, 0.03445200171538593, 0.036350486502328326, 0.037372107473300144, 0.03356913156816655, 0.033856338247786076, 0.03332378333976869, 0.03503304815942322, 0.034321577169342705, 0.03244894041300116, 0.0308944967193379, 0.0326692898846618, 0.0325910556124341, 0.030617115287458734, 0.031556046400519254, 0.030222430548260203, 0.029913421531001284, 0.030432159221896155, 0.032944000417267374, 0.03135462967584272, 0.029506424675052788, 0.031556192790117704, 0.03275618016202801, 0.031961247047970286, 0.03134083149601536, 0.03105517119501603, 0.03051041077725506, 0.029506849755141815, 0.030672198916234936, 0.030269499863538305, 0.031788038443012305, 0.03131734759834176, 0.030200257952771665, 0.029241591045699893, 0.03037403206325966, 0.03217128270029874, 0.02849519014580099, 0.027542404174952406, 0.027618822093494467, 0.023726546132874754, 0.025929745005113632, 0.0284348901965952, 0.02688539576574772, 0.0242715114554508, 0.02989948636020131, 0.025759755161762828, 0.02717747351863275, 0.02543115902973669, 0.025277071042722633, 0.026889254224787856, 0.024678438846506594, 0.02416162602741922, 0.02613464202801091, 0.02331701221113016], "accs_train": [0.5613382899628253, 0.5130111524163569, 0.48946716232961585, 0.5328376703841388, 0.5241635687732342, 0.5179677819083024, 0.5836431226765799, 0.5179677819083024, 0.5365551425030979, 0.5353159851301115, 0.5353159851301115, 0.5489467162329615, 0.540272614622057, 0.5216852540272615, 0.587360594795539, 0.6059479553903345, 0.6171003717472119, 0.6356877323420075, 0.5650557620817844, 0.6047087980173482, 0.6381660470879802, 0.5898389095415117, 0.5650557620817844, 0.6741016109045849, 0.5947955390334573, 0.6666666666666666, 0.6765799256505576, 0.6691449814126395, 0.6257744733581165, 0.6059479553903345, 0.6592317224287485, 0.5985130111524164, 0.6195786864931846, 0.6232961586121437, 0.6158612143742255, 0.7125154894671624, 0.701363073110285, 0.6567534076827757, 0.6728624535315985, 0.7199504337050806, 0.6171003717472119, 0.6666666666666666, 0.7273853779429987, 0.6096654275092936, 0.6332094175960347, 0.7087980173482032, 0.758364312267658, 0.6369268897149938, 0.77819083023544, 0.8066914498141264, 0.7719950433705082, 0.7174721189591078, 0.7670384138785625, 0.7149938042131351, 0.7026022304832714, 0.667905824039653, 0.6480793060718711, 0.7719950433705082, 0.7496902106567535, 0.7633209417596035, 0.7410161090458488, 0.8574969021065675, 0.8302354399008676, 0.7100371747211895, 0.8265179677819082, 0.7831474597273854, 0.758364312267658, 0.8190830235439901, 0.8091697645600991, 0.7942998760842627, 0.9008674101610905, 0.8500619578686494, 0.7992565055762082, 0.7769516728624535, 0.8004956629491945, 0.7843866171003717, 0.8364312267657993, 0.9231722428748451, 0.8921933085501859, 0.9219330855018587, 0.9417596034696407, 0.9231722428748451, 0.9008674101610905, 0.9058240396530359, 0.8698884758364313, 0.9268897149938042, 0.8971499380421314, 0.9504337050805453, 0.9120198265179678, 0.9591078066914497, 0.9281288723667905, 0.9640644361833953, 0.952912019826518, 0.9615861214374225, 0.9752168525402726, 0.9752168525402726, 0.9727385377942999, 0.9863692688971499, 0.9690210656753407, 0.9628252788104089], "aucs_train": [0.5871609247673947, 0.5411745185039516, 0.488889025454456, 0.5817252737798209, 0.5627450498396038, 0.5653230663339929, 0.6246666093091285, 0.5324111060581851, 0.5556316908592569, 0.6045279679453301, 0.5697477907105369, 0.6075330932510662, 0.6036553139710672, 0.6107625275008911, 0.679404137117292, 0.6759626848244245, 0.6858752965179878, 0.6843942429419502, 0.6765096299209694, 0.7144332050982658, 0.703561903123118, 0.7263185064097051, 0.6758643576160568, 0.7264844335738254, 0.7470348201226632, 0.754544560661742, 0.7628286279667161, 0.7767542188517841, 0.7794274898292795, 0.7662516439080149, 0.7820700335541598, 0.7867344305011, 0.7648750629908678, 0.8063138358673073, 0.7826354150022738, 0.8039662737675299, 0.8232506975086344, 0.8344108356583622, 0.8372930519536387, 0.8172773196002999, 0.8221752436671133, 0.847482208920736, 0.8507700249505291, 0.8368075613623235, 0.8357751256744633, 0.8606703457430465, 0.8837710942589201, 0.8540639864308451, 0.8925775248583473, 0.892393161342658, 0.9150698737724463, 0.9065891520507369, 0.9103378768697534, 0.8825788768574623, 0.8985939209203427, 0.8962340679195192, 0.901801846093337, 0.9352269514878137, 0.9408623296173844, 0.9363331325819495, 0.9348090608522511, 0.9599009353375698, 0.9546404296899006, 0.9417288381411242, 0.9522191221838473, 0.9487407971878418, 0.9354113150035028, 0.9492754513833409, 0.9502341416649254, 0.9664950037487248, 0.9739740170351888, 0.963354678531483, 0.9649893683705952, 0.9568773736802645, 0.9527660672803923, 0.9599132262386155, 0.9595506446577599, 0.975326016150244, 0.9655117316650483, 0.9848207372082447, 0.9910153513354064, 0.9795786679121447, 0.9829402293482135, 0.9766104153095463, 0.9871375720554074, 0.9887169528398126, 0.9806479763031428, 0.9901980064158504, 0.9883482258084341, 0.9953356030530598, 0.9799105222403856, 0.9947517852533769, 0.9919187325622841, 0.9939897493885277, 0.9973574562751195, 0.998058037634739, 0.9987340371922665, 0.9989491279605708, 0.9968043657280515, 0.9987893462469732],