{"train_loss": [0.04442659696238635, 0.0438641779484802, 0.043833348535398275, 0.043866476752648716, 0.044161895541601166, 0.043181614731028765, 0.04359388477001639, 0.04296277055362196, 0.0432340170371045, 0.04346626081135784, 0.04335425814435975, 0.04312797490844349, 0.042942383106165515, 0.042550913684873334, 0.042441975080686284, 0.042191505432128906, 0.04303122312753765, 0.0426340577327629, 0.042197292769856315, 0.04179794046810864, 0.04176120997361534, 0.043641220755145746, 0.04342858690902351, 0.04326195832078785, 0.043883114277651764, 0.04295107172028874, 0.042063546594338495, 0.042470199763405575, 0.041379615055140956, 0.040646508908478596, 0.04084098387089508, 0.04254350970964302, 0.04058519135029638, 0.039340395651194536, 0.03968839352901984, 0.03917820365750952, 0.03925495290992576, 0.03915911820593672, 0.03941111863028752, 0.039505756034283836, 0.038394312802448295, 0.037120504413247844, 0.03695027698223771, 0.03816370287496952, 0.0377837692051572, 0.0363222566309767, 0.037344593503956754, 0.03499599316306274, 0.03681155791808534, 0.03780228464576835, 0.034815615216152375, 0.03503901759783427, 0.035660778575079446, 0.03418281748244606, 0.03327684231850295, 0.032795423653341434, 0.03325527976584405, 0.02961292486208522, 0.030813692892351117, 0.03145351322757858, 0.028036267359312878, 0.03034513675442711, 0.02728669797768528, 0.02909483202032588, 0.030392214341973135, 0.03087650667852924, 0.028926102054458863, 0.029294027493345694, 0.02728272324527211, 0.030212513908577675, 0.030437689066819543, 0.03039712869692617, 0.030859591404744684, 0.028027775765499367, 0.029203673813127377, 0.02761214336350357, 0.026880725941250315, 0.027194196979204815, 0.025346361996220538, 0.02488749792806278, 0.023173097017898582, 0.028059992389903487, 0.026545467097519943, 0.023501566462357248, 0.025938734578377254, 0.023377861638346865, 0.02677343063785832, 0.024137501204397893, 0.025495787258484993, 0.024597770348652882, 0.026657328729735873, 0.02645874588924565, 0.023921224799888875, 0.029531317480286996, 0.024880775879454583, 0.024755781532589536, 0.026771824645360903, 0.026243193719023665, 0.026897615936609005, 0.0282383262557168], "accs_train": [0.5254027261462205, 0.4993804213135068, 0.5055762081784386, 0.5130111524163569, 0.5675340768277571, 0.5030978934324659, 0.5885997521685254, 0.6332094175960347, 0.5762081784386617, 0.6084262701363073, 0.630731102850062, 0.61090458488228, 0.6567534076827757, 0.6195786864931846, 0.6084262701363073, 0.6282527881040892, 0.5935563816604709, 0.5427509293680297, 0.5799256505576208, 0.6332094175960347, 0.5526641883519207, 0.516728624535316, 0.5774473358116481, 0.4448574969021066, 0.5291201982651796, 0.550185873605948, 0.5935563816604709, 0.6691449814126395, 0.6121437422552665, 0.7026022304832714, 0.540272614622057, 0.6864931846344485, 0.6877323420074349, 0.6765799256505576, 0.7162329615861215, 0.7434944237918214, 0.7385377942998761, 0.7001239157372986, 0.7236679058240396, 0.7273853779429987, 0.677819083023544, 0.7050805452292441, 0.7856257744733581, 0.7682775712515489, 0.8017348203221809, 0.8079306071871127, 0.7571251548946716, 0.7620817843866171, 0.8066914498141264, 0.7608426270136307, 0.731102850061958, 0.8017348203221809, 0.7806691449814126, 0.8451053283767038, 0.8128872366790583, 0.8488228004956629, 0.8178438661710037, 0.8475836431226765, 0.7100371747211895, 0.8636926889714994, 0.8029739776951672, 0.8612143742255266, 0.7843866171003717, 0.8463444857496902, 0.7794299876084263, 0.8847583643122676, 0.8587360594795539, 0.7397769516728624, 0.8736059479553904, 0.8376703841387856, 0.9132589838909542, 0.8897149938042132, 0.8116480793060719, 0.8711276332094176, 0.8104089219330854, 0.8736059479553904, 0.8265179677819082, 0.9306071871127634, 0.8884758364312267, 0.8983890954151177, 0.9268897149938042, 0.929368029739777, 0.8661710037174721, 0.8240396530359355, 0.828996282527881, 0.9442379182156134, 0.8513011152416357, 0.7893432465923172, 0.8017348203221809, 0.8686493184634448, 0.7050805452292441, 0.8228004956629492, 0.7769516728624535, 0.8909541511771994, 0.9256505576208178, 0.885997521685254, 0.8314745972738538, 0.8983890954151177, 0.8798017348203222, 0.909541511771995], "aucs_train": [0.5239734024901365, 0.5214353314241467, 0.6177898501739163, 0.5580007620358649, 0.6589397868757759, 0.6638438563931122, 0.6572620788830029, 0.6760917392854071, 0.6394156905642752, 0.68635464165878, 0.68526075146569, 0.65420164452256, 0.702701540049901, 0.697176780029744, 0.6778923562886394, 0.6859121692211256, 0.6414805619399958, 0.6739469770528879, 0.639753690343039, 0.7217462912206094, 0.5455132065731738, 0.5534777104509532, 0.7178377846879954, 0.46545027715981857, 0.5971165546146188, 0.7009746684529443, 0.7249849436462187, 0.7352232642174998, 0.7383574439842184, 0.7784749449982178, 0.7175919666670765, 0.7504516906134389, 0.7703076412531804, 0.805650127210826, 0.8054657636951366, 0.8306805471909144, 0.8335627634861911, 0.7921731542139354, 0.837170142943179, 0.8251926598738955, 0.8272944039527538, 0.8490984624082791, 0.8664101965315076, 0.8382824694878381, 0.8739875370263395, 0.8786089158196186, 0.8923685795405661, 0.9004314106267131, 0.8968854856749549, 0.854389695308563, 0.8622558719779747, 0.9033750814272196, 0.891575816423102, 0.9228008505303524, 0.9248349946534581, 0.9427182556753235, 0.9176325266405281, 0.9436646550558621, 0.9347967699512052, 0.9530671943560183, 0.9060913705583756, 0.9601098806553509, 0.9376113862907289, 0.9457971263873356, 0.9400818574009662, 0.9647128230970613, 0.9588930814518011, 0.9368432049753568, 0.9702621649193103, 0.9759712884551567, 0.9796769951205122, 0.9752768525460601, 0.9577746094566193, 0.9674291122282175, 0.950916286672976, 0.9812072123007338, 0.9573505733705338, 0.9893499342436795, 0.9873588082742346, 0.9898661520876095, 0.9915930236845663, 0.9962881478841213, 0.994186403805263, 0.9895158614077997, 0.9947702216049458, 0.997252983616229, 0.9771020513513845, 0.9865598997062475, 0.9697398016248571, 0.9596674082176964, 0.9888337163997493, 0.9801686311623505, 0.978650704883175, 0.9892700433868807, 0.9901857155148043, 0.9818401937046005, 0.9804697582379763, 0.9896449158687823, 0.9891041162227603, 0.9944199309251361],